시도명,시군구명,지역,SGGCD25
서울특별시,종로구,서울특별시 종로구,11010
서울특별시,중구,서울특별시 중구,11020
서울특별시,용산구,서울특별시 용산구,11030
서울특별시,성동구,서울특별시 성동구,11040
서울특별시,광진구,서울특별시 광진구,11050
서울특별시,동대문구,서울특별시 동대문구,11060
서울특별시,중랑구,서울특별시 중랑구,11070
서울특별시,성북구,서울특별시 성북구,11080
서울특별시,강북구,서울특별시 강북구,11090
서울특별시,도봉구,서울특별시 도봉구,11100
서울특별시,노원구,서울특별시 노원구,11110
서울특별시,은평구,서울특별시 은평구,11120
서울특별시,서대문구,서울특별시 서대문구,11130
서울특별시,마포구,서울특별시 마포구,11140
서울특별시,양천구,서울특별시 양천구,11150
서울특별시,강서구,서울특별시 강서구,11160
서울특별시,구로구,서울특별시 구로구,11170
서울특별시,금천구,서울특별시 금천구,11180
서울특별시,영등포구,서울특별시 영등포구,11190
서울특별시,동작구,서울특별시 동작구,11200
서울특별시,관악구,서울특별시 관악구,11210
서울특별시,서초구,서울특별시 서초구,11220
서울특별시,강남구,서울특별시 강남구,11230
서울특별시,송파구,서울특별시 송파구,11240
서울특별시,강동구,서울특별시 강동구,11250
부산광역시,중구,부산광역시 중구,21010
부산광역시,서구,부산광역시 서구,21020
부산광역시,동구,부산광역시 동구,21030
부산광역시,영도구,부산광역시 영도구,21040
부산광역시,부산진구,부산광역시 부산진구,21050
부산광역시,동래구,부산광역시 동래구,21060
부산광역시,남구,부산광역시 남구,21070
부산광역시,북구,부산광역시 북구,21080
부산광역시,해운대구,부산광역시 해운대구,21090
부산광역시,사하구,부산광역시 사하구,21100
부산광역시,금정구,부산광역시 금정구,21110
부산광역시,강서구,부산광역시 강서구,21120
부산광역시,연제구,부산광역시 연제구,21130
부산광역시,수영구,부산광역시 수영구,21140
부산광역시,사상구,부산광역시 사상구,21150
부산광역시,기장군,부산광역시 기장군,21510
대구광역시,중구,대구광역시 중구,22010
대구광역시,동구,대구광역시 동구,22020
대구광역시,서구,대구광역시 서구,22030
대구광역시,남구,대구광역시 남구,22040
대구광역시,북구,대구광역시 북구,22050
대구광역시,수성구,대구광역시 수성구,22060
대구광역시,달서구,대구광역시 달서구,22070
대구광역시,달성군,대구광역시 달성군,22510
대구광역시,군위군,대구광역시 군위군,22520
인천광역시,중구,인천광역시 중구,23010
인천광역시,동구,인천광역시 동구,23020
인천광역시,연수구,인천광역시 연수구,23040
인천광역시,남동구,인천광역시 남동구,23050
인천광역시,부평구,인천광역시 부평구,23060
인천광역시,계양구,인천광역시 계양구,23070
인천광역시,서구,인천광역시 서구,23080
인천광역시,미추홀구,인천광역시 미추홀구,23090
인천광역시,강화군,인천광역시 강화군,23510
인천광역시,옹진군,인천광역시 옹진군,23520
광주광역시,동구,광주광역시 동구,24010
광주광역시,서구,광주광역시 서구,24020
광주광역시,남구,광주광역시 남구,24030
광주광역시,북구,광주광역시 북구,24040
광주광역시,광산구,광주광역시 광산구,24050
대전광역시,동구,대전광역시 동구,25010
대전광역시,중구,대전광역시 중구,25020
대전광역시,서구,대전광역시 서구,25030
대전광역시,유성구,대전광역시 유성구,25040
대전광역시,대덕구,대전광역시 대덕구,25050
울산광역시,중구,울산광역시 중구,26010
울산광역시,남구,울산광역시 남구,26020
울산광역시,동구,울산광역시 동구,26030
울산광역시,북구,울산광역시 북구,26040
울산광역시,울주군,울산광역시 울주군,26510
세종특별자치시,세종시,세종특별자치시 세종시,29010
경기도,수원시,경기도 수원시,31010
경기도,성남시,경기도 성남시,31020
경기도,의정부시,경기도 의정부시,31030
경기도,안양시,경기도 안양시,31040
경기도,부천시,경기도 부천시,31050
경기도,광명시,경기도 광명시,31060
경기도,평택시,경기도 평택시,31070
경기도,동두천시,경기도 동두천시,31080
경기도,안산시,경기도 안산시,31090
경기도,고양시,경기도 고양시,31100
경기도,과천시,경기도 과천시,31110
경기도,구리시,경기도 구리시,31120
경기도,남양주시,경기도 남양주시,31130
경기도,오산시,경기도 오산시,31140
경기도,시흥시,경기도 시흥시,31150
경기도,군포시,경기도 군포시,31160
경기도,의왕시,경기도 의왕시,31170
경기도,하남시,경기도 하남시,31180
경기도,용인시,경기도 용인시,31190
경기도,파주시,경기도 파주시,31200
경기도,이천시,경기도 이천시,31210
경기도,안성시,경기도 안성시,31220
경기도,김포시,경기도 김포시,31230
경기도,화성시,경기도 화성시,31240
경기도,광주시,경기도 광주시,31250
경기도,양주시,경기도 양주시,31260
경기도,포천시,경기도 포천시,31270
경기도,여주시,경기도 여주시,31280
경기도,연천군,경기도 연천군,31550
경기도,가평군,경기도 가평군,31570
경기도,양평군,경기도 양평군,31580
강원특별자치도,춘천시,강원특별자치도 춘천시,32010
강원특별자치도,원주시,강원특별자치도 원주시,32020
강원특별자치도,강릉시,강원특별자치도 강릉시,32030
강원특별자치도,동해시,강원특별자치도 동해시,32040
강원특별자치도,태백시,강원특별자치도 태백시,32050
강원특별자치도,속초시,강원특별자치도 속초시,32060
강원특별자치도,삼척시,강원특별자치도 삼척시,32070
강원특별자치도,홍천군,강원특별자치도 홍천군,32510
강원특별자치도,횡성군,강원특별자치도 횡성군,32520
강원특별자치도,영월군,강원특별자치도 영월군,32530
강원특별자치도,평창군,강원특별자치도 평창군,32540
강원특별자치도,정선군,강원특별자치도 정선군,32550
강원특별자치도,철원군,강원특별자치도 철원군,32560
강원특별자치도,화천군,강원특별자치도 화천군,32570
강원특별자치도,양구군,강원특별자치도 양구군,32580
강원특별자치도,인제군,강원특별자치도 인제군,32590
강원특별자치도,고성군,강원특별자치도 고성군,32600
강원특별자치도,양양군,강원특별자치도 양양군,32610
충청북도,충주시,충청북도 충주시,33020
충청북도,제천시,충청북도 제천시,33030
충청북도,청주시,충청북도 청주시,33040
충청북도,보은군,충청북도 보은군,33520
충청북도,옥천군,충청북도 옥천군,33530
충청북도,영동군,충청북도 영동군,33540
충청북도,진천군,충청북도 진천군,33550
충청북도,괴산군,충청북도 괴산군,33560
충청북도,음성군,충청북도 음성군,33570
충청북도,단양군,충청북도 단양군,33580
충청북도,증평군,충청북도 증평군,33590
충청남도,천안시,충청남도 천안시,34010
충청남도,공주시,충청남도 공주시,34020
충청남도,보령시,충청남도 보령시,34030
충청남도,아산시,충청남도 아산시,34040
충청남도,서산시,충청남도 서산시,34050
충청남도,논산시,충청남도 논산시,34060
충청남도,계룡시,충청남도 계룡시,34070
충청남도,당진시,충청남도 당진시,34080
충청남도,금산군,충청남도 금산군,34510
충청남도,부여군,충청남도 부여군,34530
충청남도,서천군,충청남도 서천군,34540
충청남도,청양군,충청남도 청양군,34550
충청남도,홍성군,충청남도 홍성군,34560
충청남도,예산군,충청남도 예산군,34570
충청남도,태안군,충청남도 태안군,34580
전북특별자치도,전주시,전북특별자치도 전주시,35010
전북특별자치도,군산시,전북특별자치도 군산시,35020
전북특별자치도,익산시,전북특별자치도 익산시,35030
전북특별자치도,정읍시,전북특별자치도 정읍시,35040
전북특별자치도,남원시,전북특별자치도 남원시,35050
전북특별자치도,김제시,전북특별자치도 김제시,35060
전북특별자치도,완주군,전북특별자치도 완주군,35510
전북특별자치도,진안군,전북특별자치도 진안군,35520
전북특별자치도,무주군,전북특별자치도 무주군,35530
전북특별자치도,장수군,전북특별자치도 장수군,35540
전북특별자치도,임실군,전북특별자치도 임실군,35550
전북특별자치도,순창군,전북특별자치도 순창군,35560
전북특별자치도,고창군,전북특별자치도 고창군,35570
전북특별자치도,부안군,전북특별자치도 부안군,35580
전라남도,목포시,전라남도 목포시,36010
전라남도,여수시,전라남도 여수시,36020
전라남도,순천시,전라남도 순천시,36030
전라남도,나주시,전라남도 나주시,36040
전라남도,광양시,전라남도 광양시,36060
전라남도,담양군,전라남도 담양군,36510
전라남도,곡성군,전라남도 곡성군,36520
전라남도,구례군,전라남도 구례군,36530
전라남도,고흥군,전라남도 고흥군,36550
전라남도,보성군,전라남도 보성군,36560
전라남도,화순군,전라남도 화순군,36570
전라남도,장흥군,전라남도 장흥군,36580
전라남도,강진군,전라남도 강진군,36590
전라남도,해남군,전라남도 해남군,36600
전라남도,영암군,전라남도 영암군,36610
전라남도,무안군,전라남도 무안군,36620
전라남도,함평군,전라남도 함평군,36630
전라남도,영광군,전라남도 영광군,36640
전라남도,장성군,전라남도 장성군,36650
전라남도,완도군,전라남도 완도군,36660
전라남도,진도군,전라남도 진도군,36670
전라남도,신안군,전라남도 신안군,36680
경상북도,포항시,경상북도 포항시,37010
경상북도,경주시,경상북도 경주시,37020
경상북도,김천시,경상북도 김천시,37030
경상북도,안동시,경상북도 안동시,37040
경상북도,구미시,경상북도 구미시,37050
경상북도,영주시,경상북도 영주시,37060
경상북도,영천시,경상북도 영천시,37070
경상북도,상주시,경상북도 상주시,37080
경상북도,문경시,경상북도 문경시,37090
경상북도,경산시,경상북도 경산시,37100
경상북도,의성군,경상북도 의성군,37520
경상북도,청송군,경상북도 청송군,37530
경상북도,영양군,경상북도 영양군,37540
경상북도,영덕군,경상북도 영덕군,37550
경상북도,청도군,경상북도 청도군,37560
경상북도,고령군,경상북도 고령군,37570
경상북도,성주군,경상북도 성주군,37580
경상북도,칠곡군,경상북도 칠곡군,37590
경상북도,예천군,경상북도 예천군,37600
경상북도,봉화군,경상북도 봉화군,37610
경상북도,울진군,경상북도 울진군,37620
경상북도,울릉군,경상북도 울릉군,37630
경상남도,진주시,경상남도 진주시,38030
경상남도,통영시,경상남도 통영시,38050
경상남도,사천시,경상남도 사천시,38060
경상남도,김해시,경상남도 김해시,38070
경상남도,밀양시,경상남도 밀양시,38080
경상남도,거제시,경상남도 거제시,38090
경상남도,양산시,경상남도 양산시,38100
경상남도,창원시,경상남도 창원시,38110
경상남도,의령군,경상남도 의령군,38510
경상남도,함안군,경상남도 함안군,38520
경상남도,창녕군,경상남도 창녕군,38530
경상남도,고성군,경상남도 고성군,38540
경상남도,남해군,경상남도 남해군,38550
경상남도,하동군,경상남도 하동군,38560
경상남도,산청군,경상남도 산청군,38570
경상남도,함양군,경상남도 함양군,38580
경상남도,거창군,경상남도 거창군,38590
경상남도,합천군,경상남도 합천군,38600
제주특별자치도,제주시,제주특별자치도 제주시,39010
제주특별자치도,서귀포시,제주특별자치도 서귀포시,39020
